Deal name,Pipeline,Deal stage,Amount,Close date,Create date,Lead Source,Sales Rep,Closed Lost Reason,Associated company domain,Associated contact email
Nigerian Breweries - stocking DEAL-0001,Sales Pipeline,Proposal,677000,2026-08-04,2026-05-27,Retail Event,Michael Adeleke,,nigerianbreweries0021.com,damilola.afolabi82@yahoo.com
Sahara Living - stocking DEAL-0002,Sales Pipeline,Closed Won,1054000,2026-02-21,2025-12-31,Trade Show,Obinna Eze,,saharaliving0070.com,emeka_obi74@hotmail.com
Kente Interiors - stocking DEAL-0003,Sales Pipeline,Closed Lost,1729000,2025-08-06,2025-05-23,Trade Show,Oluchi Orji,No budget,kenteinteriors0031.com,ibrahim_oladipo56@gmail.com
The Verdant Hotel - stocking DEAL-0004,Sales Pipeline,Closed Lost,337000,2025-12-07,2025-11-08,Referral,Obinna Eze,Bad timing,theverdanthotel0076.com,ezinneolawale4@hotmail.com
The Sage Hotel - stocking DEAL-0005,Sales Pipeline,Qualified,621000,2026-07-10,2026-06-15,Cold Outreach,Obinna Eze,,thesagehotel0034.com,emmanuel_afolabi32@gmail.com
Coral Gift House - stocking DEAL-0006,Sales Pipeline,New Lead,1110000,2026-04-08,2026-03-06,WhatsApp Inbound,Obinna Eze,,coralgifthouse0136.com,grace_aliyu9@yahoo.com
Ada Interiors - stocking DEAL-0007,Sales Pipeline,Closed Lost,1361000,2025-05-16,2025-04-24,Instagram,Joshua Igwe,Bad timing,adainteriors0011.com,david_obi96@outlook.com
Adire Gift House - stocking DEAL-0008,Sales Pipeline,Proposal,1668000,2026-02-20,2026-01-09,Website Form,Oluchi Orji,,adiregifthouse0135.com,ibrahimmusa88@gmail.com
Stallion Group - stocking DEAL-0009,Sales Pipeline,Sample Sent,1114000,2026-07-13,2026-06-15,Instagram,Oluchi Orji,,stalliongroup0111.com,obinna_taiwo61@gmail.com
Willow Home & Living - stocking DEAL-0010,Sales Pipeline,Proposal,563000,2026-05-31,2026-05-02,Referral,Ifeoma Nwosu,,willowhomeliving0120.com,yetunde_nwachukwu74@outlook.com
Willow Home & Living - stocking DEAL-0011,Sales Pipeline,Closed Won,1146000,2026-07-05,2026-06-18,Retail Event,Oluchi Orji,,willowhomeliving0120.com,yetunde_nwachukwu74@outlook.com
Bloom Home & Living - stocking DEAL-0012,Sales Pipeline,Closed Lost,1676000,2025-11-28,2025-10-08,Instagram,Ifeoma Nwosu,No budget,bloomhomeliving0027.com,obinna_olawale79@hotmail.com
Serene Gift House - stocking DEAL-0013,Sales Pipeline,Closed Lost,427000,2025-10-13,2025-08-12,WhatsApp Inbound,Obinna Eze,Bad timing,serenegifthouse0131.com,kelechiafolabi59@outlook.com
Luxe Home & Living - stocking DEAL-0014,Sales Pipeline,Closed Won,410000,2026-07-16,2026-05-29,Referral,Obinna Eze,,luxehomeliving0084.com,zainab_oladipo17@yahoo.com
Adire Gift House - stocking DEAL-0015,Sales Pipeline,Sample Sent,327000,2026-04-26,2026-03-26,Instagram,Obinna Eze,,adiregifthouse0135.com,ibrahimmusa88@gmail.com
Serene Hotel - stocking DEAL-0016,Sales Pipeline,Qualified,565000,2025-11-24,2025-10-05,Partner Referral,Wale Aliyu,,serenehotel0123.com,ibrahim_yakubu16@hotmail.com
Nestle Nigeria - stocking DEAL-0017,Sales Pipeline,Closed Won,405000,2025-06-07,2025-03-24,Instagram,Joshua Igwe,,nestlenigeria0082.com,davidadeleke13@gmail.com
Transcorp Hilton - stocking DEAL-0018,Sales Pipeline,Negotiation,974000,2026-06-21,2026-05-23,Cold Outreach,Wale Aliyu,,transcorphilton0053.com,gbenga.ugwu54@hotmail.com
Nneka Living - stocking DEAL-0019,Sales Pipeline,Proposal,1476000,2026-02-10,2025-12-28,Partner Referral,Ifeoma Nwosu,,nnekaliving0017.com,adaora_nwankwo36@yahoo.com
Ada Living - stocking DEAL-0020,Sales Pipeline,New Lead,342000,2026-03-01,2026-01-05,Referral,Oluchi Orji,,adaliving0015.com,aliyuwilliams45@gmail.com
Radisson Blu - stocking DEAL-0021,Sales Pipeline,Qualified,744000,2026-06-17,2026-04-12,Website Form,Obinna Eze,,radissonblu0055.com,adebayo_salami81@yahoo.com
Sahara Gift Emporium - stocking DEAL-0022,Sales Pipeline,Closed Won,1147000,2025-05-23,2025-04-11,Cold Outreach,Joshua Igwe,,saharagiftemporium0114.com,wale_igwe25@hotmail.com
Sage Gift House - stocking DEAL-0023,Sales Pipeline,Closed Won,1562000,2025-10-03,2025-09-08,Retail Event,Ifeoma Nwosu,,sagegifthouse0071.com,abdullahi_oladipo95@yahoo.com
Adire Hotel - stocking DEAL-0024,Sales Pipeline,Qualified,405000,2026-06-26,2026-05-08,Trade Show,Joshua Igwe,,adirehotel0068.com,blessing.nwankwo61@yahoo.com
Baobab Living - stocking DEAL-0025,Sales Pipeline,Closed Won,390000,2026-07-15,2026-05-18,Referral,Michael Adeleke,,baobabliving0035.com,funmi.lawal52@hotmail.com
Nova Gift House - stocking DEAL-0026,Sales Pipeline,Closed Lost,465000,2025-10-01,2025-07-28,Referral,Wale Aliyu,Price too high,novagifthouse0080.com,fatima.williams98@hotmail.com
Honeywell Group - stocking DEAL-0027,Sales Pipeline,Closed Lost,878000,2025-10-10,2025-08-18,Cold Outreach,Michael Adeleke,Price too high,honeywellgroup0090.com,chioma.anyanwu94@yahoo.com
Ada Living - stocking DEAL-0028,Sales Pipeline,Closed Lost,1264000,2026-04-13,2026-01-28,Partner Referral,Ifeoma Nwosu,Chose competitor,adaliving0138.com,babatunde.eze83@outlook.com
Ada Hotel - stocking DEAL-0029,Sales Pipeline,Closed Won,539000,2026-05-31,2026-04-25,Partner Referral,Obinna Eze,,adahotel0103.com,oluwaseun.mbah82@gmail.com
Terra Interiors - stocking DEAL-0030,Sales Pipeline,Closed Lost,874000,2024-10-30,2024-10-12,Cold Outreach,Wale Aliyu,Price too high,terrainteriors0086.com,mohammed_ugwu38@outlook.com
Nneka Suites - stocking DEAL-0031,Sales Pipeline,Qualified,674000,2026-02-10,2025-12-31,Trade Show,Obinna Eze,,nnekasuites0128.com,nnekaokafor6@gmail.com
Palm Boutique - stocking DEAL-0032,Sales Pipeline,New Lead,1171000,2026-05-25,2026-04-15,Trade Show,Ifeoma Nwosu,,palmboutique0060.com,folake.adeleke32@outlook.com
Serene Gift House - stocking DEAL-0033,Sales Pipeline,Proposal,842000,2025-06-17,2025-05-28,Website Form,Michael Adeleke,,serenegifthouse0131.com,kelechiafolabi59@outlook.com
Flour Mills of Nigeria - stocking DEAL-0034,Sales Pipeline,Closed Won,654000,2025-03-28,2025-02-01,Website Form,Michael Adeleke,,flourmillsofnigeria0052.com,grace.eze81@outlook.com
Aurora Boutique - stocking DEAL-0035,Sales Pipeline,Negotiation,951000,2026-06-30,2026-06-05,Trade Show,Ifeoma Nwosu,,auroraboutique0018.com,favour_nwosu75@yahoo.com
Coral Gifts - stocking DEAL-0036,Sales Pipeline,Proposal,951000,2026-07-18,2026-06-03,WhatsApp Inbound,Wale Aliyu,,coralgifts0059.com,aishaugwu58@hotmail.com
Serene Interiors - stocking DEAL-0037,Sales Pipeline,Closed Lost,598000,2026-07-01,2026-06-04,Retail Event,Oluchi Orji,Bad timing,sereneinteriors0019.com,chidi.nwachukwu34@yahoo.com
Nneka Living - stocking DEAL-0038,Sales Pipeline,New Lead,1422000,2026-02-16,2026-01-24,Trade Show,Oluchi Orji,,nnekaliving0017.com,adaora_nwankwo36@yahoo.com
Olive Interiors - stocking DEAL-0039,Sales Pipeline,Negotiation,383000,2026-08-01,2026-06-28,Partner Referral,Michael Adeleke,,oliveinteriors0124.com,emekaugwu31@outlook.com
Verdant Living - stocking DEAL-0040,Sales Pipeline,Qualified,1839000,2024-12-11,2024-11-19,Referral,Michael Adeleke,,verdantliving0112.com,hauwa_adeleke25@gmail.com
Kente Interiors - stocking DEAL-0041,Sales Pipeline,Closed Won,997000,2025-06-02,2025-04-18,Referral,Oluchi Orji,,kenteinteriors0031.com,ibrahim_oladipo56@gmail.com
Amber Gifts - stocking DEAL-0042,Sales Pipeline,Negotiation,738000,2026-05-09,2026-04-07,Retail Event,Oluchi Orji,,ambergifts0118.com,chidi.lawal15@yahoo.com
Serene Hotel - stocking DEAL-0043,Sales Pipeline,Sample Sent,220000,2025-09-28,2025-08-23,Trade Show,Wale Aliyu,,serenehotel0010.com,adaugolawal11@outlook.com
Ivory Suites - stocking DEAL-0044,Sales Pipeline,New Lead,1102000,2026-03-25,2026-02-24,Retail Event,Oluchi Orji,,ivorysuites0040.com,bellombah@hotmail.com
Coscharis Group - stocking DEAL-0045,Sales Pipeline,Closed Lost,595000,2025-08-17,2025-06-29,Referral,Michael Adeleke,Bad timing,coscharisgroup0099.com,tosinyakubu@hotmail.com
Verdant Home & Living - stocking DEAL-0046,Sales Pipeline,Closed Lost,2200000,2026-07-07,2026-06-23,Trade Show,Michael Adeleke,Bad timing,verdanthomeliving0043.com,tosin.taiwo9@outlook.com
Ada Hotel - stocking DEAL-0047,Sales Pipeline,Closed Won,811000,2026-07-13,2026-07-01,WhatsApp Inbound,Wale Aliyu,,adahotel0103.com,hassan.fashola38@gmail.com
Serene Hotel - stocking DEAL-0048,Sales Pipeline,Closed Won,1451000,2025-10-27,2025-08-11,Website Form,Ifeoma Nwosu,,serenehotel0123.com,ibrahim_yakubu16@hotmail.com
Serene Hotel - stocking DEAL-0049,Sales Pipeline,Closed Lost,1057000,2026-03-12,2025-12-20,Referral,Ifeoma Nwosu,Chose competitor,serenehotel0010.com,adaugolawal11@outlook.com
Harmattan Boutique - stocking DEAL-0050,Sales Pipeline,Closed Lost,346000,2026-01-02,2025-11-12,Cold Outreach,Wale Aliyu,Bad timing,harmattanboutique0004.com,ifeanyiokonkwo98@yahoo.com
Serene Hotel - stocking DEAL-0051,Sales Pipeline,Closed Won,697000,2026-05-15,2026-03-30,Website Form,Wale Aliyu,,serenehotel0132.com,emmanuel.ogundimu76@gmail.com
Olive Living - stocking DEAL-0052,Sales Pipeline,Closed Lost,635000,2026-07-15,2026-07-01,Retail Event,Wale Aliyu,Poor product fit,oliveliving0073.com,ogechi.okafor8@yahoo.com
Sage Gift House - stocking DEAL-0053,Sales Pipeline,Closed Lost,378000,2025-08-29,2025-07-25,Instagram,Obinna Eze,No budget,sagegifthouse0071.com,abdullahi_oladipo95@yahoo.com
Serene Home & Living - stocking DEAL-0054,Sales Pipeline,Closed Lost,464000,2026-04-30,2026-03-22,Trade Show,Michael Adeleke,No response,serenehomeliving0065.com,kelechi.mbah30@yahoo.com
Harmattan Interiors - stocking DEAL-0055,Sales Pipeline,Closed Won,1346000,2025-06-06,2025-04-02,Referral,Wale Aliyu,,harmattaninteriors0061.com,segunfashola19@yahoo.com
Baobab Interiors - stocking DEAL-0056,Sales Pipeline,Proposal,542000,2025-07-29,2025-06-13,Website Form,Joshua Igwe,,baobabinteriors0097.com,bunmi.orji24@hotmail.com
Nestle Nigeria - stocking DEAL-0057,Sales Pipeline,Sample Sent,824000,2025-10-20,2025-09-24,Partner Referral,Wale Aliyu,,nestlenigeria0082.com,davidadeleke13@gmail.com
Ember Living - stocking DEAL-0058,Sales Pipeline,Closed Won,493000,2026-01-09,2025-11-21,Trade Show,Ifeoma Nwosu,,emberliving0023.com,victorchukwu41@outlook.com
Ada Gifts - stocking DEAL-0059,Sales Pipeline,Closed Won,299000,2026-03-08,2026-01-31,Cold Outreach,Joshua Igwe,,adagifts0088.com,kayode_afolabi94@outlook.com
Transcorp Hilton - stocking DEAL-0060,Sales Pipeline,Closed Won,579000,2025-11-24,2025-09-17,Cold Outreach,Wale Aliyu,,transcorphilton0094.com,james.lawal46@yahoo.com
The Bloom Hotel - stocking DEAL-0061,Sales Pipeline,Closed Won,951000,2026-07-07,2026-06-30,Referral,Joshua Igwe,,thebloomhotel0016.com,lola.anyanwu20@yahoo.com
Transcorp Hilton - stocking DEAL-0062,Sales Pipeline,Closed Won,665000,2026-07-16,2026-06-24,Trade Show,Michael Adeleke,,transcorphilton0053.com,gbenga.ugwu54@hotmail.com
Stallion Group - stocking DEAL-0063,Sales Pipeline,Closed Lost,1173000,2026-03-21,2026-01-09,Partner Referral,Obinna Eze,Poor product fit,stalliongroup0111.com,obinna_taiwo61@gmail.com
Ember Gift Emporium - stocking DEAL-0064,Sales Pipeline,Qualified,755000,2026-05-13,2026-04-11,Trade Show,Oluchi Orji,,embergiftemporium0087.com,folakeogundimu86@outlook.com
Guaranty Trust - stocking DEAL-0065,Sales Pipeline,Qualified,1380000,2025-12-22,2025-11-12,WhatsApp Inbound,Michael Adeleke,,guarantytrust0020.com,preciousnwankwo77@hotmail.com
Adire Interiors - stocking DEAL-0066,Sales Pipeline,Closed Lost,916000,2026-05-30,2026-04-02,Cold Outreach,Ifeoma Nwosu,Chose competitor,adireinteriors0006.com,tunde_afolabi51@hotmail.com
Nestle Nigeria - stocking DEAL-0067,Sales Pipeline,Closed Lost,914000,2025-07-31,2025-07-04,Website Form,Wale Aliyu,No response,nestlenigeria0082.com,davidadeleke13@gmail.com
Serene Home & Living - stocking DEAL-0068,Sales Pipeline,Closed Lost,3393000,2026-03-14,2026-02-01,Retail Event,Obinna Eze,No budget,serenehomeliving0065.com,kelechi.mbah30@yahoo.com
Adire Gift House - stocking DEAL-0069,Sales Pipeline,Closed Lost,1284000,2025-10-25,2025-08-27,Instagram,Ifeoma Nwosu,Price too high,adiregifthouse0135.com,ibrahimmusa88@gmail.com
The Indigo Hotel - stocking DEAL-0070,Sales Pipeline,Closed Lost,481000,2026-07-15,2026-07-12,Referral,Oluchi Orji,Lost contact,theindigohotel0074.com,segunnwosu17@hotmail.com
Serene Gift House - stocking DEAL-0071,Sales Pipeline,Proposal,491000,2025-06-16,2025-05-03,Trade Show,Obinna Eze,,serenegifthouse0131.com,simi_chukwu88@yahoo.com
Kente Interiors - stocking DEAL-0072,Sales Pipeline,Closed Won,1569000,2024-12-17,2024-11-12,Referral,Michael Adeleke,,kenteinteriors0031.com,johnigwe14@hotmail.com
Access Holdings - stocking DEAL-0073,Sales Pipeline,Negotiation,300000,2026-08-15,2026-07-09,Referral,Joshua Igwe,,accessholdings0063.com,ogechi.salami74@hotmail.com
Guaranty Trust - stocking DEAL-0074,Sales Pipeline,Closed Won,650000,2025-10-03,2025-08-26,Website Form,Obinna Eze,,guarantytrust0020.com,hauwa.orji32@gmail.com
Palm Home & Living - stocking DEAL-0075,Sales Pipeline,Closed Lost,999000,2026-04-14,2026-02-13,Referral,Oluchi Orji,No response,palmhomeliving0081.com,adaezetaiwo84@hotmail.com
Bloom Home & Living - stocking DEAL-0076,Sales Pipeline,New Lead,872000,2026-05-27,2026-03-29,Trade Show,Wale Aliyu,,bloomhomeliving0027.com,obinna_olawale79@hotmail.com
Baobab Living - stocking DEAL-0077,Sales Pipeline,Closed Won,717000,2026-07-02,2026-05-28,Cold Outreach,Joshua Igwe,,baobabliving0069.com,lola_okoro20@yahoo.com
Ivory Living - stocking DEAL-0078,Sales Pipeline,Qualified,443000,2026-06-23,2026-05-31,Trade Show,Joshua Igwe,,ivoryliving0049.com,josephwilliams2@yahoo.com
Bloom Home & Living - stocking DEAL-0079,Sales Pipeline,Sample Sent,773000,2026-05-18,2026-04-15,Referral,Michael Adeleke,,bloomhomeliving0027.com,emmanuel.olawale16@gmail.com
Ivory Living - stocking DEAL-0080,Sales Pipeline,Sample Sent,696000,2025-01-18,2024-12-15,Website Form,Obinna Eze,,ivoryliving0014.com,funmi.eze29@yahoo.com
Transcorp Hilton - stocking DEAL-0081,Sales Pipeline,Proposal,597000,2025-02-26,2025-01-11,Retail Event,Oluchi Orji,,transcorphilton0072.com,ngozi_ogundimu75@gmail.com
Luxe Boutique - stocking DEAL-0082,Sales Pipeline,Closed Lost,1314000,2026-01-18,2025-11-12,Trade Show,Wale Aliyu,Bad timing,luxeboutique0133.com,seguneze77@hotmail.com
Nova Living - stocking DEAL-0083,Sales Pipeline,Closed Won,773000,2025-07-09,2025-05-08,WhatsApp Inbound,Wale Aliyu,,novaliving0028.com,tosin.chukwu48@gmail.com
Unilever Nigeria - stocking DEAL-0084,Sales Pipeline,Closed Lost,807000,2026-07-05,2026-05-29,Cold Outreach,Oluchi Orji,Bad timing,unilevernigeria0057.com,oluwaseun.okoro41@gmail.com
Haven Boutique - stocking DEAL-0085,Sales Pipeline,Closed Won,833000,2026-07-15,2026-07-04,Partner Referral,Joshua Igwe,,havenboutique0032.com,tundeanyanwu90@outlook.com
Sahara Gift Emporium - stocking DEAL-0086,Sales Pipeline,Qualified,1001000,2026-05-15,2026-03-12,WhatsApp Inbound,Wale Aliyu,,saharagiftemporium0114.com,wale_igwe25@hotmail.com
Coral Gifts - stocking DEAL-0087,Sales Pipeline,Proposal,750000,2026-07-01,2026-06-07,Referral,Ifeoma Nwosu,,coralgifts0059.com,aishaugwu58@hotmail.com
Zuri Interiors - stocking DEAL-0088,Sales Pipeline,Closed Lost,492000,2026-02-12,2025-11-17,Trade Show,Obinna Eze,No response,zuriinteriors0137.com,adebayo_orji46@outlook.com
Baobab Living - stocking DEAL-0089,Sales Pipeline,New Lead,321000,2026-03-07,2026-02-14,Trade Show,Obinna Eze,,baobabliving0035.com,chiomachukwu30@yahoo.com
Aurora Gift House - stocking DEAL-0090,Sales Pipeline,Closed Lost,434000,2026-01-30,2025-12-23,Cold Outreach,Joshua Igwe,Chose competitor,auroragifthouse0012.com,musaobi31@hotmail.com
Nestle Nigeria - stocking DEAL-0091,Sales Pipeline,Sample Sent,400000,2025-12-17,2025-11-06,Website Form,Michael Adeleke,,nestlenigeria0082.com,davidadeleke13@gmail.com
The Nneka Hotel - stocking DEAL-0092,Sales Pipeline,Closed Won,220000,2026-05-20,2026-03-08,WhatsApp Inbound,Michael Adeleke,,thennekahotel0092.com,usmanchukwu61@outlook.com
Stallion Group - stocking DEAL-0093,Sales Pipeline,Closed Lost,997000,2026-04-04,2026-03-07,Trade Show,Wale Aliyu,No budget,stalliongroup0139.com,usman.williams92@yahoo.com
Unilever Nigeria - stocking DEAL-0094,Sales Pipeline,New Lead,597000,2026-07-01,2026-05-18,Cold Outreach,Obinna Eze,,unilevernigeria0122.com,obinna.orji13@hotmail.com
Olive Interiors - stocking DEAL-0095,Sales Pipeline,Qualified,1264000,2026-03-15,2026-02-04,Trade Show,Joshua Igwe,,oliveinteriors0124.com,emekaugwu31@outlook.com
Haven Interiors - stocking DEAL-0096,Sales Pipeline,Closed Lost,568000,2025-02-16,2025-01-18,Referral,Joshua Igwe,Bad timing,haveninteriors0089.com,aliyu_ogundimu96@outlook.com
Ember Boutique - stocking DEAL-0097,Sales Pipeline,New Lead,1408000,2026-03-27,2026-01-30,Trade Show,Ifeoma Nwosu,,emberboutique0051.com,tosin_nwankwo26@yahoo.com
Harmattan Interiors - stocking DEAL-0098,Sales Pipeline,Closed Won,2683000,2025-05-12,2025-03-01,Cold Outreach,Michael Adeleke,,harmattaninteriors0061.com,segunfashola19@yahoo.com
Serene Interiors - stocking DEAL-0099,Sales Pipeline,Closed Won,1437000,2025-10-13,2025-09-13,Instagram,Oluchi Orji,,sereneinteriors0019.com,chidi.nwachukwu34@yahoo.com
Harmattan Interiors - stocking DEAL-0100,Sales Pipeline,Negotiation,1277000,2025-02-04,2024-12-10,Trade Show,Ifeoma Nwosu,,harmattaninteriors0061.com,segunfashola19@yahoo.com
Flour Mills of Nigeria - stocking DEAL-0101,Sales Pipeline,Closed Lost,648000,2025-12-31,2025-10-11,Referral,Ifeoma Nwosu,Bad timing,flourmillsofnigeria0052.com,grace.eze81@outlook.com
Adire Interiors - stocking DEAL-0102,Sales Pipeline,Closed Lost,940000,2025-11-10,2025-09-15,Referral,Joshua Igwe,Poor product fit,adireinteriors0006.com,tunde_afolabi51@hotmail.com
Bloom Home & Living - stocking DEAL-0103,Sales Pipeline,Qualified,1560000,2026-03-06,2026-01-17,Website Form,Joshua Igwe,,bloomhomeliving0029.com,segunadeleke21@hotmail.com
Nneka Boutique - stocking DEAL-0104,Sales Pipeline,Closed Lost,791000,2024-09-29,2024-09-06,Website Form,Joshua Igwe,Lost contact,nnekaboutique0075.com,favouroladipo17@yahoo.com
Flour Mills of Nigeria - stocking DEAL-0105,Sales Pipeline,Sample Sent,2621000,2025-11-16,2025-10-07,Trade Show,Ifeoma Nwosu,,flourmillsofnigeria0052.com,grace.eze81@outlook.com
Palm Interiors - stocking DEAL-0106,Sales Pipeline,Qualified,1436000,2026-03-31,2026-01-27,Trade Show,Obinna Eze,,palminteriors0140.com,lawal_afolabi46@outlook.com
Willow Interiors - stocking DEAL-0107,Sales Pipeline,Closed Won,1721000,2025-10-28,2025-09-04,Partner Referral,Wale Aliyu,,willowinteriors0067.com,kunleoladipo40@outlook.com
Adire Gift House - stocking DEAL-0108,Sales Pipeline,Closed Lost,326000,2026-03-05,2026-01-17,Partner Referral,Michael Adeleke,Bad timing,adiregifthouse0135.com,ibrahimmusa88@gmail.com
Adire Living - stocking DEAL-0109,Sales Pipeline,New Lead,3513000,2026-07-10,2026-06-04,Instagram,Wale Aliyu,,adireliving0093.com,tobi.nwankwo21@yahoo.com
Adire Interiors - stocking DEAL-0110,Sales Pipeline,Qualified,691000,2026-04-03,2026-02-13,Instagram,Ifeoma Nwosu,,adireinteriors0006.com,tunde_afolabi51@hotmail.com
Bloom Home & Living - stocking DEAL-0111,Sales Pipeline,Closed Won,450000,2025-09-26,2025-07-10,WhatsApp Inbound,Oluchi Orji,,bloomhomeliving0029.com,segunadeleke21@hotmail.com
Coscharis Group - stocking DEAL-0112,Sales Pipeline,Closed Lost,1158000,2025-06-08,2025-04-09,Referral,Michael Adeleke,Chose competitor,coscharisgroup0099.com,tosinyakubu@hotmail.com
Petal Boutique - stocking DEAL-0113,Sales Pipeline,Qualified,400000,2026-02-27,2025-12-25,Cold Outreach,Ifeoma Nwosu,,petalboutique0077.com,lolaadeyemi81@hotmail.com
Verdant Home & Living - stocking DEAL-0114,Sales Pipeline,Proposal,1820000,2026-08-31,2026-06-27,Trade Show,Oluchi Orji,,verdanthomeliving0043.com,tosin.taiwo9@outlook.com
The Indigo Hotel - stocking DEAL-0115,Sales Pipeline,Closed Lost,3086000,2026-05-13,2026-03-19,Trade Show,Joshua Igwe,Price too high,theindigohotel0074.com,segunnwosu17@hotmail.com
Ada Living - stocking DEAL-0116,Sales Pipeline,Negotiation,472000,2025-09-04,2025-07-08,Website Form,Michael Adeleke,,adaliving0127.com,chiamaka.mbah83@hotmail.com
Radisson Blu - stocking DEAL-0117,Sales Pipeline,Negotiation,1842000,2025-09-30,2025-07-26,Cold Outreach,Wale Aliyu,,radissonblu0055.com,amaka.nwosu45@yahoo.com
Aurora Gift Emporium - stocking DEAL-0118,Sales Pipeline,Proposal,785000,2025-09-10,2025-07-18,Instagram,Ifeoma Nwosu,,auroragiftemporium0007.com,adebayo_fashola10@outlook.com
Lumen Boutique - stocking DEAL-0119,Sales Pipeline,Closed Won,577000,2026-07-06,2026-05-28,Cold Outreach,Wale Aliyu,,lumenboutique0044.com,blessing_yakubu3@outlook.com
Serene Hotel - stocking DEAL-0120,Sales Pipeline,Closed Won,1422000,2026-01-17,2025-11-19,WhatsApp Inbound,Joshua Igwe,,serenehotel0132.com,emmanuel.ogundimu76@gmail.com
Indigo Boutique - stocking DEAL-0121,Sales Pipeline,Closed Lost,308000,2026-07-10,2026-06-04,Referral,Michael Adeleke,No budget,indigoboutique0107.com,precious.salami4@gmail.com
Amber Gifts - stocking DEAL-0122,Sales Pipeline,Closed Won,693000,2026-01-07,2025-10-28,Instagram,Joshua Igwe,,ambergifts0118.com,chidi.lawal15@yahoo.com
Nneka Suites - stocking DEAL-0123,Sales Pipeline,Closed Won,1315000,2026-03-30,2026-02-27,WhatsApp Inbound,Ifeoma Nwosu,,nnekasuites0128.com,nnekaokafor6@gmail.com
Nneka Living - stocking DEAL-0124,Sales Pipeline,Closed Lost,476000,2026-07-14,2026-06-16,WhatsApp Inbound,Ifeoma Nwosu,Price too high,nnekaliving0017.com,obinna.williams5@outlook.com
Ivory Suites - stocking DEAL-0125,Sales Pipeline,Closed Won,571000,2026-07-12,2026-06-24,Partner Referral,Joshua Igwe,,ivorysuites0040.com,bellombah@hotmail.com
Palm Living - stocking DEAL-0126,Sales Pipeline,Closed Won,1412000,2026-04-23,2026-03-12,Cold Outreach,Obinna Eze,,palmliving0009.com,chidi.aliyu72@outlook.com
Savannah Hotel - stocking DEAL-0127,Sales Pipeline,Closed Lost,220000,2026-07-12,2026-06-06,Trade Show,Joshua Igwe,Poor product fit,savannahhotel0001.com,kayode.igwe78@hotmail.com
Radisson Blu - stocking DEAL-0128,Sales Pipeline,Sample Sent,1431000,2026-06-29,2026-06-02,Instagram,Obinna Eze,,radissonblu0117.com,blessing_lawal55@gmail.com
Serene Hotel - stocking DEAL-0129,Sales Pipeline,Closed Won,332000,2026-07-19,2026-07-03,Website Form,Joshua Igwe,,serenehotel0132.com,ngozifashola63@outlook.com
Coral Gift Emporium - stocking DEAL-0130,Sales Pipeline,Closed Lost,453000,2025-06-03,2025-04-06,Cold Outreach,Joshua Igwe,Lost contact,coralgiftemporium0022.com,usman.okoro81@gmail.com
Unilever Nigeria - stocking DEAL-0131,Sales Pipeline,Negotiation,1326000,2026-06-25,2026-05-16,Retail Event,Oluchi Orji,,unilevernigeria0102.com,lawaltaiwo54@yahoo.com
Nneka Boutique - stocking DEAL-0132,Sales Pipeline,Closed Won,1152000,2025-11-09,2025-09-17,Website Form,Joshua Igwe,,nnekaboutique0075.com,favouroladipo17@yahoo.com
Serene Hotel - stocking DEAL-0133,Sales Pipeline,Negotiation,596000,2025-06-05,2025-05-15,Website Form,Ifeoma Nwosu,,serenehotel0010.com,adaugolawal11@outlook.com
Sage Boutique - stocking DEAL-0134,Sales Pipeline,Negotiation,1033000,2026-05-13,2026-04-21,Trade Show,Ifeoma Nwosu,,sageboutique0129.com,hassanchukwu35@yahoo.com
Unilever Nigeria - stocking DEAL-0135,Sales Pipeline,Closed Won,550000,2026-07-17,2026-06-10,WhatsApp Inbound,Oluchi Orji,,unilevernigeria0122.com,obinna.orji13@hotmail.com
Nova Gift House - stocking DEAL-0136,Sales Pipeline,Qualified,704000,2025-05-08,2025-03-08,Referral,Wale Aliyu,,novagifthouse0080.com,walechukwu69@outlook.com
Ember Gift House - stocking DEAL-0137,Sales Pipeline,Closed Lost,602000,2025-09-26,2025-08-13,Referral,Joshua Igwe,Poor product fit,embergifthouse0100.com,tunde.okafor56@outlook.com
Marigold Home & Living - stocking DEAL-0138,Sales Pipeline,Closed Lost,918000,2026-07-18,2026-06-22,Partner Referral,Ifeoma Nwosu,Lost contact,marigoldhomeliving0056.com,aliyuadewale4@outlook.com
Stallion Group - stocking DEAL-0139,Sales Pipeline,Closed Lost,862000,2026-07-09,2026-06-16,WhatsApp Inbound,Joshua Igwe,No response,stalliongroup0111.com,obinna_taiwo61@gmail.com
Access Holdings - stocking DEAL-0140,Sales Pipeline,New Lead,752000,2026-09-03,2026-07-06,WhatsApp Inbound,Wale Aliyu,,accessholdings0063.com,precious_orji53@hotmail.com
Stallion Group - stocking DEAL-0141,Sales Pipeline,Qualified,1636000,2026-08-25,2026-07-15,Website Form,Ifeoma Nwosu,,stalliongroup0139.com,usman.williams92@yahoo.com
Palm Living - stocking DEAL-0142,Sales Pipeline,Qualified,521000,2026-03-10,2026-01-01,Trade Show,Oluchi Orji,,palmliving0009.com,chiamakayakubu67@outlook.com
Kente Gift House - stocking DEAL-0143,Sales Pipeline,Negotiation,717000,2026-03-20,2026-02-04,WhatsApp Inbound,Obinna Eze,,kentegifthouse0025.com,emeka_okafor74@hotmail.com
Coral Gift House - stocking DEAL-0144,Sales Pipeline,Closed Lost,1039000,2025-08-08,2025-07-07,Cold Outreach,Obinna Eze,Chose competitor,coralgifthouse0136.com,grace_aliyu9@yahoo.com
Petal Hotel - stocking DEAL-0145,Sales Pipeline,Closed Won,1271000,2026-02-05,2026-01-10,WhatsApp Inbound,Joshua Igwe,,petalhotel0041.com,amaka.okoro8@hotmail.com
Lumen Boutique - stocking DEAL-0146,Sales Pipeline,New Lead,648000,2026-07-01,2026-05-06,WhatsApp Inbound,Obinna Eze,,lumenboutique0044.com,blessing_yakubu3@outlook.com
Stallion Group - stocking DEAL-0147,Sales Pipeline,Closed Lost,821000,2026-01-22,2025-10-25,WhatsApp Inbound,Wale Aliyu,Bad timing,stalliongroup0111.com,obinna_taiwo61@gmail.com
Bloom Home & Living - stocking DEAL-0148,Sales Pipeline,Proposal,299000,2026-01-22,2025-12-06,Partner Referral,Ifeoma Nwosu,,bloomhomeliving0027.com,emmanuel.olawale16@gmail.com
Transcorp Hilton - stocking DEAL-0149,Sales Pipeline,New Lead,1034000,2025-09-26,2025-08-23,Referral,Ifeoma Nwosu,,transcorphilton0072.com,ngozi_ogundimu75@gmail.com
Petal Hotel - stocking DEAL-0150,Sales Pipeline,Sample Sent,738000,2026-04-01,2026-01-28,Referral,Michael Adeleke,,petalhotel0041.com,walelawal43@outlook.com
Nova Living - stocking DEAL-0151,Sales Pipeline,Closed Won,1033000,2025-08-06,2025-06-20,Referral,Michael Adeleke,,novaliving0028.com,tosin.chukwu48@gmail.com
Coral Gift House - stocking DEAL-0152,Sales Pipeline,Closed Lost,1363000,2026-03-25,2026-01-21,Partner Referral,Ifeoma Nwosu,Lost contact,coralgifthouse0136.com,grace_aliyu9@yahoo.com
Nova Living - stocking DEAL-0153,Sales Pipeline,Negotiation,1085000,2025-06-16,2025-05-06,Trade Show,Michael Adeleke,,novaliving0028.com,tosin.chukwu48@gmail.com
Ivory Living - stocking DEAL-0154,Sales Pipeline,Closed Lost,748000,2025-04-13,2025-02-23,Cold Outreach,Michael Adeleke,Price too high,ivoryliving0014.com,funmi.eze29@yahoo.com
Petal Interiors - stocking DEAL-0155,Sales Pipeline,Closed Lost,1009000,2026-07-03,2026-07-03,WhatsApp Inbound,Wale Aliyu,No budget,petalinteriors0095.com,emmanuelbalogun64@yahoo.com
Unilever Nigeria - stocking DEAL-0156,Sales Pipeline,Closed Lost,622000,2026-01-05,2025-10-25,Website Form,Ifeoma Nwosu,Bad timing,unilevernigeria0122.com,ezinne_ogundimu51@yahoo.com
Aurora Boutique - stocking DEAL-0157,Sales Pipeline,Negotiation,934000,2026-08-04,2026-05-31,Partner Referral,Obinna Eze,,auroraboutique0018.com,hassanorji66@yahoo.com
Ember Gift House - stocking DEAL-0158,Sales Pipeline,Sample Sent,457000,2025-11-01,2025-08-27,Referral,Joshua Igwe,,embergifthouse0100.com,tunde.okafor56@outlook.com
The Verdant Hotel - stocking DEAL-0159,Sales Pipeline,Closed Lost,993000,2026-03-05,2025-12-30,Trade Show,Ifeoma Nwosu,Lost contact,theverdanthotel0076.com,ezinneolawale4@hotmail.com
Radisson Blu - stocking DEAL-0160,Sales Pipeline,Sample Sent,946000,2026-08-06,2026-06-16,Partner Referral,Oluchi Orji,,radissonblu0117.com,oluchiadewale34@gmail.com
Aurora Boutique - stocking DEAL-0161,Sales Pipeline,Closed Won,445000,2026-07-06,2026-06-19,Referral,Michael Adeleke,,auroraboutique0018.com,hassanorji66@yahoo.com
Zuri Interiors - stocking DEAL-0162,Sales Pipeline,Closed Lost,1325000,2026-03-13,2025-12-24,WhatsApp Inbound,Ifeoma Nwosu,Lost contact,zuriinteriors0137.com,davidobi82@outlook.com
Ember Gift Emporium - stocking DEAL-0163,Sales Pipeline,Negotiation,485000,2026-09-06,2026-07-15,Cold Outreach,Michael Adeleke,,embergiftemporium0087.com,folakeogundimu86@outlook.com
Amber Gifts - stocking DEAL-0164,Sales Pipeline,Closed Lost,317000,2025-09-18,2025-08-29,Cold Outreach,Obinna Eze,Lost contact,ambergifts0118.com,chidi.lawal15@yahoo.com
Ember Boutique - stocking DEAL-0165,Sales Pipeline,Closed Lost,1357000,2026-01-18,2025-11-22,Trade Show,Joshua Igwe,Chose competitor,emberboutique0051.com,tosin_nwankwo26@yahoo.com
Luxe Boutique - stocking DEAL-0166,Sales Pipeline,Closed Won,1467000,2025-11-23,2025-10-11,Trade Show,Joshua Igwe,,luxeboutique0133.com,seguneze77@hotmail.com
Ada Gifts - stocking DEAL-0167,Sales Pipeline,Closed Won,1209000,2025-08-16,2025-06-04,Cold Outreach,Michael Adeleke,,adagifts0088.com,kayode_afolabi94@outlook.com
Aurora Boutique - stocking DEAL-0168,Sales Pipeline,Closed Lost,618000,2026-07-14,2026-06-14,WhatsApp Inbound,Michael Adeleke,Bad timing,auroraboutique0018.com,favour_nwosu75@yahoo.com
Radisson Blu - stocking DEAL-0169,Sales Pipeline,Closed Won,1908000,2026-07-13,2026-06-02,Website Form,Obinna Eze,,radissonblu0130.com,hauwa.olawale21@gmail.com
Verdant Living - stocking DEAL-0170,Sales Pipeline,Closed Lost,861000,2025-08-05,2025-07-15,Partner Referral,Oluchi Orji,No response,verdantliving0112.com,hauwa_adeleke25@gmail.com
Verdant Home & Living - stocking DEAL-0171,Sales Pipeline,Closed Lost,749000,2026-07-16,2026-06-05,Referral,Ifeoma Nwosu,Bad timing,verdanthomeliving0043.com,josephokafor76@hotmail.com
Petal Boutique - stocking DEAL-0172,Sales Pipeline,Closed Lost,1436000,2025-10-03,2025-07-15,Trade Show,Joshua Igwe,Lost contact,petalboutique0077.com,lolaadeyemi81@hotmail.com
Radisson Blu - stocking DEAL-0173,Sales Pipeline,Negotiation,682000,2026-01-01,2025-12-11,Cold Outreach,Wale Aliyu,,radissonblu0055.com,amaka.nwosu45@yahoo.com
Petal Boutique - stocking DEAL-0174,Sales Pipeline,Proposal,731000,2026-05-09,2026-03-23,Website Form,Joshua Igwe,,petalboutique0077.com,lolaadeyemi81@hotmail.com
Coral Gift House - stocking DEAL-0175,Sales Pipeline,Qualified,1890000,2025-12-07,2025-10-04,Website Form,Ifeoma Nwosu,,coralgifthouse0136.com,grace_aliyu9@yahoo.com
Ember Boutique - stocking DEAL-0176,Sales Pipeline,Closed Won,270000,2026-05-11,2026-04-07,Retail Event,Oluchi Orji,,emberboutique0126.com,ezinne.obi66@outlook.com
Kente Interiors - stocking DEAL-0177,Sales Pipeline,Closed Won,556000,2025-01-23,2024-12-10,Website Form,Joshua Igwe,,kenteinteriors0031.com,ibrahim_oladipo56@gmail.com
Zuri Interiors - stocking DEAL-0178,Sales Pipeline,Closed Won,440000,2026-07-11,2026-06-01,Website Form,Oluchi Orji,,zuriinteriors0137.com,adebayo_orji46@outlook.com
Lumen Home & Living - stocking DEAL-0179,Sales Pipeline,Sample Sent,819000,2026-07-17,2026-06-02,Cold Outreach,Obinna Eze,,lumenhomeliving0062.com,ifeanyi.olawale49@gmail.com
Coscharis Group - stocking DEAL-0180,Sales Pipeline,Closed Lost,1121000,2025-12-10,2025-11-03,Instagram,Joshua Igwe,No budget,coscharisgroup0099.com,tosinyakubu@hotmail.com
Indigo Boutique - stocking DEAL-0181,Sales Pipeline,Closed Lost,938000,2026-04-13,2026-03-16,Website Form,Obinna Eze,No response,indigoboutique0107.com,precious.salami4@gmail.com
Adire Hotel - stocking DEAL-0182,Sales Pipeline,Qualified,984000,2026-02-14,2026-01-15,Referral,Wale Aliyu,,adirehotel0068.com,blessing.nwankwo61@yahoo.com
Eko Hotels - stocking DEAL-0183,Sales Pipeline,Closed Lost,829000,2026-07-01,2026-07-06,Cold Outreach,Joshua Igwe,Bad timing,ekohotels0064.com,walefashola46@yahoo.com
Eko Hotels - stocking DEAL-0184,Sales Pipeline,Closed Won,435000,2026-07-03,2026-06-16,Cold Outreach,Joshua Igwe,,ekohotels0064.com,joseph.adeyemi70@hotmail.com
Ember Gift Emporium - stocking DEAL-0185,Sales Pipeline,Closed Won,1296000,2026-03-14,2026-01-22,Partner Referral,Michael Adeleke,,embergiftemporium0121.com,john_ogundimu26@hotmail.com
Radisson Blu - stocking DEAL-0186,Sales Pipeline,Qualified,1229000,2026-05-08,2026-03-04,WhatsApp Inbound,Oluchi Orji,,radissonblu0055.com,adebayo_salami81@yahoo.com
Ivory Suites - stocking DEAL-0187,Sales Pipeline,Closed Lost,861000,2026-01-14,2025-12-24,Retail Event,Wale Aliyu,Price too high,ivorysuites0040.com,bellombah@hotmail.com
Ember Boutique - stocking DEAL-0188,Sales Pipeline,Closed Lost,720000,2025-10-30,2025-10-03,Retail Event,Joshua Igwe,Lost contact,emberboutique0051.com,tosin_nwankwo26@yahoo.com
Nova Living - stocking DEAL-0189,Sales Pipeline,Closed Won,410000,2025-06-18,2025-04-20,Cold Outreach,Wale Aliyu,,novaliving0028.com,tosin.chukwu48@gmail.com
Radisson Blu - stocking DEAL-0190,Sales Pipeline,Closed Lost,1358000,2025-12-30,2025-12-05,Referral,Oluchi Orji,Price too high,radissonblu0055.com,adebayo_salami81@yahoo.com
The Bloom Hotel - stocking DEAL-0191,Sales Pipeline,Closed Lost,846000,2026-07-06,2026-06-24,Trade Show,Oluchi Orji,No response,thebloomhotel0016.com,adebayoorji42@yahoo.com
Verdant Boutique - stocking DEAL-0192,Sales Pipeline,New Lead,2111000,2026-08-05,2026-06-24,Retail Event,Oluchi Orji,,verdantboutique0013.com,james_balogun31@yahoo.com
Unilever Nigeria - stocking DEAL-0193,Sales Pipeline,Closed Won,595000,2026-07-20,2026-05-30,Retail Event,Ifeoma Nwosu,,unilevernigeria0102.com,lawaltaiwo54@yahoo.com
Ada Interiors - stocking DEAL-0194,Sales Pipeline,Closed Won,674000,2025-03-04,2025-01-23,Cold Outreach,Joshua Igwe,,adainteriors0011.com,david_obi96@outlook.com
Nova Gift House - stocking DEAL-0195,Sales Pipeline,Closed Lost,485000,2025-06-29,2025-05-01,Instagram,Michael Adeleke,Chose competitor,novagifthouse0080.com,walechukwu69@outlook.com
Amber Boutique - stocking DEAL-0196,Sales Pipeline,New Lead,592000,2026-08-04,2026-07-05,Cold Outreach,Obinna Eze,,amberboutique0110.com,aliyu_adeyemi48@outlook.com
Unilever Nigeria - stocking DEAL-0197,Sales Pipeline,Closed Won,618000,2026-07-10,2026-07-13,Cold Outreach,Joshua Igwe,,unilevernigeria0102.com,lawaltaiwo54@yahoo.com
Access Holdings - stocking DEAL-0198,Sales Pipeline,Closed Lost,920000,2026-07-08,2026-07-10,Trade Show,Ifeoma Nwosu,No response,accessholdings0063.com,precious_orji53@hotmail.com
Nova Living - stocking DEAL-0199,Sales Pipeline,Sample Sent,572000,2026-07-03,2026-04-25,Retail Event,Wale Aliyu,,novaliving0028.com,tosin.chukwu48@gmail.com
Serene Gift House - stocking DEAL-0200,Sales Pipeline,Closed Lost,2011000,2025-11-23,2025-09-14,Cold Outreach,Obinna Eze,Bad timing,serenegifthouse0131.com,kelechiafolabi59@outlook.com
Radisson Blu - stocking DEAL-0201,Sales Pipeline,Proposal,670000,2026-07-22,2026-06-08,Partner Referral,Michael Adeleke,,radissonblu0117.com,blessing_lawal55@gmail.com
Terra Interiors - stocking DEAL-0202,Sales Pipeline,Closed Lost,594000,2025-02-27,2025-01-15,Instagram,Oluchi Orji,Bad timing,terrainteriors0086.com,mohammed_ugwu38@outlook.com
Verdant Boutique - stocking DEAL-0203,Sales Pipeline,Closed Lost,1010000,2026-07-18,2026-07-04,Referral,Michael Adeleke,No response,verdantboutique0013.com,james_balogun31@yahoo.com
Lumen Living - stocking DEAL-0204,Sales Pipeline,Sample Sent,743000,2026-07-28,2026-06-23,Trade Show,Wale Aliyu,,lumenliving0005.com,usman_nwosu3@yahoo.com
Verdant Interiors - stocking DEAL-0205,Sales Pipeline,Closed Lost,498000,2025-09-03,2025-07-16,Cold Outreach,Michael Adeleke,Lost contact,verdantinteriors0045.com,kunle_igwe64@hotmail.com
Ember Living - stocking DEAL-0206,Sales Pipeline,Sample Sent,1044000,2025-11-28,2025-10-29,Website Form,Obinna Eze,,emberliving0023.com,peter.williams92@outlook.com
Ember Gift Emporium - stocking DEAL-0207,Sales Pipeline,Closed Won,1307000,2025-10-04,2025-08-21,Referral,Obinna Eze,,embergiftemporium0121.com,john_ogundimu26@hotmail.com
Bloom Home & Living - stocking DEAL-0208,Sales Pipeline,Closed Won,814000,2026-01-16,2025-11-02,WhatsApp Inbound,Michael Adeleke,,bloomhomeliving0029.com,segunadeleke21@hotmail.com
Ivory Suites - stocking DEAL-0209,Sales Pipeline,Closed Lost,360000,2025-12-18,2025-12-02,Website Form,Oluchi Orji,Chose competitor,ivorysuites0040.com,bellombah@hotmail.com
Zuri Interiors - stocking DEAL-0210,Sales Pipeline,Qualified,770000,2026-02-26,2026-01-11,Trade Show,Obinna Eze,,zuriinteriors0137.com,adebayo_orji46@outlook.com
Olive Interiors - stocking DEAL-0211,Sales Pipeline,Qualified,1219000,2026-05-31,2026-04-25,WhatsApp Inbound,Wale Aliyu,,oliveinteriors0115.com,babatunde.anyanwu75@yahoo.com
Kente Interiors - stocking DEAL-0212,Sales Pipeline,Closed Won,771000,2025-03-15,2025-02-17,Retail Event,Wale Aliyu,,kenteinteriors0031.com,johnigwe14@hotmail.com
Ember Boutique - stocking DEAL-0213,Sales Pipeline,Closed Won,307000,2025-08-24,2025-06-28,Retail Event,Wale Aliyu,,emberboutique0054.com,kayodechukwu53@outlook.com
Olive Living - stocking DEAL-0214,Sales Pipeline,Closed Won,1308000,2026-06-12,2026-04-01,Retail Event,Ifeoma Nwosu,,oliveliving0073.com,davidobi33@hotmail.com
Adire Living - stocking DEAL-0215,Sales Pipeline,Negotiation,871000,2026-08-26,2026-06-21,Trade Show,Oluchi Orji,,adireliving0093.com,tobi.nwankwo21@yahoo.com
Serene Hotel - stocking DEAL-0216,Sales Pipeline,Negotiation,1055000,2026-03-10,2026-01-01,WhatsApp Inbound,Michael Adeleke,,serenehotel0132.com,emmanuel.ogundimu76@gmail.com
Unilever Nigeria - stocking DEAL-0217,Sales Pipeline,Closed Lost,545000,2026-07-02,2026-06-06,Cold Outreach,Oluchi Orji,No response,unilevernigeria0122.com,obinna.orji13@hotmail.com
Zuri Interiors - stocking DEAL-0218,Sales Pipeline,New Lead,1628000,2026-08-04,2026-07-02,Referral,Michael Adeleke,,zuriinteriors0137.com,adebayo_orji46@outlook.com
Adire Interiors - stocking DEAL-0219,Sales Pipeline,Proposal,822000,2025-11-07,2025-10-18,Retail Event,Ifeoma Nwosu,,adireinteriors0006.com,tunde_afolabi51@hotmail.com
The Sage Hotel - stocking DEAL-0220,Sales Pipeline,Closed Lost,498000,2026-06-29,2026-04-24,WhatsApp Inbound,Wale Aliyu,No budget,thesagehotel0034.com,michael_okafor15@hotmail.com
Haven Gift House - stocking DEAL-0221,Sales Pipeline,Negotiation,1778000,2026-07-14,2026-06-14,WhatsApp Inbound,Michael Adeleke,,havengifthouse0079.com,musa_nwosu39@gmail.com
Aurora Gift Emporium - stocking DEAL-0222,Sales Pipeline,Closed Lost,528000,2026-05-26,2026-03-19,Website Form,Joshua Igwe,Lost contact,auroragiftemporium0007.com,adebayo_fashola10@outlook.com
The Willow Hotel - stocking DEAL-0223,Sales Pipeline,Proposal,371000,2025-10-04,2025-07-27,Retail Event,Oluchi Orji,,thewillowhotel0050.com,peter_orji6@outlook.com
Coral Gift Emporium - stocking DEAL-0224,Sales Pipeline,Closed Lost,1254000,2025-04-21,2025-02-25,Trade Show,Oluchi Orji,Price too high,coralgiftemporium0022.com,adaugo_olawale89@outlook.com
Serene Gift House - stocking DEAL-0225,Sales Pipeline,Closed Lost,1016000,2026-03-04,2026-02-03,Referral,Oluchi Orji,Bad timing,serenegifthouse0131.com,simi_chukwu88@yahoo.com
Palm Living - stocking DEAL-0226,Sales Pipeline,Closed Lost,967000,2026-07-15,2026-07-09,Trade Show,Ifeoma Nwosu,No budget,palmliving0009.com,chidi.aliyu72@outlook.com
Nigerian Breweries - stocking DEAL-0227,Sales Pipeline,Sample Sent,394000,2026-06-17,2026-05-23,Cold Outreach,Joshua Igwe,,nigerianbreweries0021.com,damilola.afolabi82@yahoo.com
Nova Living - stocking DEAL-0228,Sales Pipeline,Closed Won,563000,2025-09-22,2025-08-14,WhatsApp Inbound,Obinna Eze,,novaliving0028.com,tosin.chukwu48@gmail.com
Nigerian Breweries - stocking DEAL-0229,Sales Pipeline,Closed Lost,612000,2026-03-16,2026-02-10,Website Form,Joshua Igwe,Chose competitor,nigerianbreweries0021.com,damilola.afolabi82@yahoo.com
Nova Gift House - stocking DEAL-0230,Sales Pipeline,Proposal,1034000,2025-06-22,2025-05-23,Cold Outreach,Joshua Igwe,,novagifthouse0080.com,fatima.williams98@hotmail.com
Flour Mills of Nigeria - stocking DEAL-0231,Sales Pipeline,New Lead,933000,2025-03-10,2025-01-19,Partner Referral,Ifeoma Nwosu,,flourmillsofnigeria0052.com,grace.eze81@outlook.com
Nneka Suites - stocking DEAL-0232,Sales Pipeline,New Lead,438000,2026-05-14,2026-03-07,Instagram,Ifeoma Nwosu,,nnekasuites0128.com,nnekaokafor6@gmail.com
Kente Gifts - stocking DEAL-0233,Sales Pipeline,Closed Lost,538000,2026-06-02,2026-04-03,Referral,Oluchi Orji,Poor product fit,kentegifts0037.com,kemi.anyanwu6@yahoo.com
The Verdant Hotel - stocking DEAL-0234,Sales Pipeline,Closed Won,893000,2025-10-12,2025-09-20,WhatsApp Inbound,Wale Aliyu,,theverdanthotel0076.com,ezinneolawale4@hotmail.com
Adire Living - stocking DEAL-0235,Sales Pipeline,Closed Won,1466000,2026-07-04,2026-05-30,Referral,Ifeoma Nwosu,,adireliving0093.com,tobi.nwankwo21@yahoo.com
Ada Gifts - stocking DEAL-0236,Sales Pipeline,Closed Lost,290000,2025-09-13,2025-08-24,Referral,Oluchi Orji,No budget,adagifts0088.com,kayode_afolabi94@outlook.com
Verdant Living - stocking DEAL-0237,Sales Pipeline,Closed Won,1538000,2025-04-25,2025-03-30,WhatsApp Inbound,Ifeoma Nwosu,,verdantliving0112.com,hauwa_adeleke25@gmail.com
Bloom Home & Living - stocking DEAL-0238,Sales Pipeline,Closed Won,869000,2026-01-21,2025-11-09,Trade Show,Ifeoma Nwosu,,bloomhomeliving0029.com,segunadeleke21@hotmail.com
Transcorp Hilton - stocking DEAL-0239,Sales Pipeline,Closed Won,1459000,2025-10-31,2025-08-30,Trade Show,Ifeoma Nwosu,,transcorphilton0072.com,ngozi_ogundimu75@gmail.com
Harmattan Home & Living - stocking DEAL-0240,Sales Pipeline,Closed Won,640000,2026-05-30,2026-04-19,Referral,Oluchi Orji,,harmattanhomeliving0113.com,kayode.chukwu28@yahoo.com
Ember Gift Emporium - stocking DEAL-0241,Sales Pipeline,New Lead,1027000,2025-10-23,2025-09-14,WhatsApp Inbound,Oluchi Orji,,embergiftemporium0121.com,john_ogundimu26@hotmail.com
Ember Gift Emporium - stocking DEAL-0242,Sales Pipeline,Closed Lost,755000,2025-12-06,2025-10-07,Partner Referral,Obinna Eze,Poor product fit,embergiftemporium0087.com,folakeogundimu86@outlook.com
The Nneka Hotel - stocking DEAL-0243,Sales Pipeline,Closed Lost,1665000,2025-12-30,2025-11-28,Referral,Wale Aliyu,No response,thennekahotel0092.com,amakaadeyemi19@yahoo.com
Ember Gift Emporium - stocking DEAL-0244,Sales Pipeline,Proposal,1350000,2026-01-14,2025-11-11,Instagram,Ifeoma Nwosu,,embergiftemporium0121.com,john_ogundimu26@hotmail.com
Ada Gifts - stocking DEAL-0245,Sales Pipeline,Closed Won,913000,2025-11-29,2025-09-25,Retail Event,Michael Adeleke,,adagifts0088.com,kayode_afolabi94@outlook.com
Luxe Boutique - stocking DEAL-0246,Sales Pipeline,Negotiation,716000,2026-01-04,2025-11-06,Website Form,Obinna Eze,,luxeboutique0133.com,ogechiolawale17@outlook.com
Aurora Boutique - stocking DEAL-0247,Sales Pipeline,Closed Lost,884000,2026-07-03,2026-05-31,Referral,Obinna Eze,No response,auroraboutique0018.com,hassanorji66@yahoo.com
Ivory Living - stocking DEAL-0248,Sales Pipeline,Closed Lost,866000,2026-06-30,2026-05-30,Referral,Michael Adeleke,No response,ivoryliving0049.com,josephwilliams2@yahoo.com
The Bloom Hotel - stocking DEAL-0249,Sales Pipeline,Closed Lost,2855000,2026-07-15,2026-04-25,Referral,Michael Adeleke,Bad timing,thebloomhotel0016.com,lola.anyanwu20@yahoo.com
Verdant Boutique - stocking DEAL-0250,Sales Pipeline,New Lead,1203000,2026-09-02,2026-07-08,Referral,Joshua Igwe,,verdantboutique0013.com,james_balogun31@yahoo.com
Willow Interiors - stocking DEAL-0251,Sales Pipeline,Negotiation,327000,2026-04-04,2026-02-07,Cold Outreach,Joshua Igwe,,willowinteriors0067.com,nneka_musa21@outlook.com
Haven Boutique - stocking DEAL-0252,Sales Pipeline,Qualified,661000,2026-07-13,2026-06-12,WhatsApp Inbound,Michael Adeleke,,havenboutique0032.com,tundeanyanwu90@outlook.com
Kente Home & Living - stocking DEAL-0253,Sales Pipeline,Qualified,1320000,2026-07-28,2026-05-31,Cold Outreach,Obinna Eze,,kentehomeliving0058.com,kelechi_aliyu54@yahoo.com
Lumen Home & Living - stocking DEAL-0254,Sales Pipeline,Negotiation,249000,2026-08-06,2026-06-02,WhatsApp Inbound,Michael Adeleke,,lumenhomeliving0062.com,ifeanyi.olawale49@gmail.com
Ember Gift Emporium - stocking DEAL-0255,Sales Pipeline,Sample Sent,504000,2026-05-30,2026-04-10,Instagram,Wale Aliyu,,embergiftemporium0087.com,folakeogundimu86@outlook.com
Luxe Boutique - stocking DEAL-0256,Sales Pipeline,Closed Lost,363000,2025-01-06,2024-12-18,Retail Event,Wale Aliyu,No response,luxeboutique0133.com,seguneze77@hotmail.com
Zuri Boutique - stocking DEAL-0257,Sales Pipeline,Proposal,390000,2026-07-18,2026-05-26,WhatsApp Inbound,Ifeoma Nwosu,,zuriboutique0119.com,femi_afolabi38@yahoo.com
Transcorp Hilton - stocking DEAL-0258,Sales Pipeline,Qualified,828000,2026-03-22,2026-02-12,Retail Event,Michael Adeleke,,transcorphilton0053.com,gbenga.ugwu54@hotmail.com
Serene Boutique - stocking DEAL-0259,Sales Pipeline,Closed Lost,718000,2024-09-14,2024-07-28,WhatsApp Inbound,Ifeoma Nwosu,Chose competitor,sereneboutique0046.com,joy_yakubu73@hotmail.com
Amber Boutique - stocking DEAL-0260,Sales Pipeline,Closed Won,1001000,2026-06-27,2026-05-22,Trade Show,Ifeoma Nwosu,,amberboutique0108.com,usman_lawal92@gmail.com
Aurora Boutique - stocking DEAL-0261,Sales Pipeline,Closed Lost,459000,2026-07-15,2026-07-12,Website Form,Ifeoma Nwosu,Bad timing,auroraboutique0018.com,hassanorji66@yahoo.com
The Verdant Hotel - stocking DEAL-0262,Sales Pipeline,Closed Won,601000,2026-05-24,2026-03-09,Cold Outreach,Wale Aliyu,,theverdanthotel0076.com,ezinneolawale4@hotmail.com
Palm Boutique - stocking DEAL-0263,Sales Pipeline,Closed Lost,1466000,2025-11-12,2025-09-21,Instagram,Oluchi Orji,Bad timing,palmboutique0060.com,tunde.adeyemi74@yahoo.com
Indigo Gifts - stocking DEAL-0264,Sales Pipeline,Closed Won,769000,2025-01-13,2024-11-08,Instagram,Joshua Igwe,,indigogifts0026.com,abdullahi.williams70@yahoo.com
Ember Gift Emporium - stocking DEAL-0265,Sales Pipeline,Closed Won,482000,2026-06-28,2026-04-10,Referral,Obinna Eze,,embergiftemporium0087.com,folakeogundimu86@outlook.com
Verdant Interiors - stocking DEAL-0266,Sales Pipeline,Closed Won,1172000,2025-12-18,2025-11-20,Cold Outreach,Michael Adeleke,,verdantinteriors0045.com,kunle_igwe64@hotmail.com
Indigo Gifts - stocking DEAL-0267,Sales Pipeline,Closed Won,297000,2025-01-30,2024-12-23,Instagram,Obinna Eze,,indigogifts0026.com,abdullahi.williams70@yahoo.com
The Nneka Hotel - stocking DEAL-0268,Sales Pipeline,New Lead,870000,2026-02-12,2026-01-07,Referral,Wale Aliyu,,thennekahotel0092.com,usmanchukwu61@outlook.com
Kente Gift House - stocking DEAL-0269,Sales Pipeline,Closed Won,466000,2026-07-18,2026-05-22,Trade Show,Joshua Igwe,,kentegifthouse0025.com,emeka_okafor74@hotmail.com
Petal Interiors - stocking DEAL-0270,Sales Pipeline,New Lead,498000,2026-07-27,2026-07-03,Cold Outreach,Wale Aliyu,,petalinteriors0095.com,adaora_adeleke93@gmail.com
Ember Living - stocking DEAL-0271,Sales Pipeline,Closed Lost,2320000,2025-11-27,2025-09-23,Retail Event,Oluchi Orji,Lost contact,emberliving0023.com,victorchukwu41@outlook.com
Harmattan Interiors - stocking DEAL-0272,Sales Pipeline,Qualified,1178000,2025-10-28,2025-09-04,Instagram,Michael Adeleke,,harmattaninteriors0061.com,segunfashola19@yahoo.com
Sahara Gift Emporium - stocking DEAL-0273,Sales Pipeline,Sample Sent,824000,2026-02-11,2025-12-07,Website Form,Wale Aliyu,,saharagiftemporium0114.com,wale_igwe25@hotmail.com
Sage Interiors - stocking DEAL-0274,Sales Pipeline,Proposal,1496000,2025-09-04,2025-08-08,Instagram,Ifeoma Nwosu,,sageinteriors0033.com,bello_taiwo9@gmail.com
Amber Boutique - stocking DEAL-0275,Sales Pipeline,Closed Lost,531000,2026-07-15,2026-06-19,Referral,Joshua Igwe,Price too high,amberboutique0108.com,usman_lawal92@gmail.com
Unilever Nigeria - stocking DEAL-0276,Sales Pipeline,Sample Sent,849000,2026-07-19,2026-05-28,Cold Outreach,Oluchi Orji,,unilevernigeria0102.com,lawaltaiwo54@yahoo.com
Ada Living - stocking DEAL-0277,Sales Pipeline,Closed Won,1041000,2025-07-03,2025-05-12,Referral,Oluchi Orji,,adaliving0127.com,chiamaka.mbah83@hotmail.com
Radisson Blu - stocking DEAL-0278,Sales Pipeline,Closed Lost,1108000,2026-07-18,2026-07-07,Partner Referral,Joshua Igwe,No budget,radissonblu0024.com,kunle_adeyemi39@outlook.com
Nestle Nigeria - stocking DEAL-0279,Sales Pipeline,Qualified,413000,2026-06-18,2026-05-24,Instagram,Wale Aliyu,,nestlenigeria0101.com,faith_nwachukwu73@gmail.com
Serene Hotel - stocking DEAL-0280,Sales Pipeline,Closed Lost,691000,2026-07-13,2026-06-13,Cold Outreach,Ifeoma Nwosu,Chose competitor,serenehotel0132.com,emmanuel.ogundimu76@gmail.com
Indigo Boutique - stocking DEAL-0281,Sales Pipeline,Proposal,941000,2025-07-05,2025-05-30,Trade Show,Wale Aliyu,,indigoboutique0107.com,precious.salami4@gmail.com
Bloom Home & Living - stocking DEAL-0282,Sales Pipeline,Proposal,890000,2025-10-20,2025-09-24,Cold Outreach,Ifeoma Nwosu,,bloomhomeliving0027.com,obinna_olawale79@hotmail.com
Nneka Living - stocking DEAL-0283,Sales Pipeline,Closed Won,549000,2025-11-17,2025-10-18,WhatsApp Inbound,Michael Adeleke,,nnekaliving0116.com,kayodeyakubu81@hotmail.com
The Bloom Hotel - stocking DEAL-0284,Sales Pipeline,Closed Lost,522000,2026-07-11,2026-07-15,Website Form,Wale Aliyu,Price too high,thebloomhotel0016.com,adebayoorji42@yahoo.com
Verdant Interiors - stocking DEAL-0285,Sales Pipeline,Negotiation,538000,2025-05-21,2025-04-14,Trade Show,Joshua Igwe,,verdantinteriors0083.com,chidinmabalogun97@hotmail.com
Sahara Living - stocking DEAL-0286,Sales Pipeline,Closed Won,399000,2026-04-07,2026-03-01,Partner Referral,Oluchi Orji,,saharaliving0070.com,emeka_obi74@hotmail.com
Nneka Boutique - stocking DEAL-0287,Sales Pipeline,Sample Sent,784000,2025-01-28,2025-01-02,Cold Outreach,Obinna Eze,,nnekaboutique0075.com,favouroladipo17@yahoo.com
Olive Living - stocking DEAL-0288,Sales Pipeline,Closed Won,945000,2026-07-12,2026-05-24,Trade Show,Oluchi Orji,,oliveliving0073.com,davidobi33@hotmail.com
Lumen Living - stocking DEAL-0289,Sales Pipeline,Closed Won,1046000,2026-07-19,2026-07-09,Referral,Ifeoma Nwosu,,lumenliving0005.com,usman_nwosu3@yahoo.com
Transcorp Hilton - stocking DEAL-0290,Sales Pipeline,Closed Won,515000,2024-11-04,2024-10-15,Cold Outreach,Wale Aliyu,,transcorphilton0072.com,ngozi_ogundimu75@gmail.com
Serene Hotel - stocking DEAL-0291,Sales Pipeline,Closed Won,804000,2026-04-22,2026-03-22,Referral,Michael Adeleke,,serenehotel0132.com,ngozifashola63@outlook.com
Lumen Home & Living - stocking DEAL-0292,Sales Pipeline,Proposal,375000,2026-07-17,2026-05-24,Referral,Joshua Igwe,,lumenhomeliving0062.com,ifeanyi.olawale49@gmail.com
Terra Home & Living - stocking DEAL-0293,Sales Pipeline,Closed Won,1454000,2025-09-18,2025-08-05,Cold Outreach,Oluchi Orji,,terrahomeliving0039.com,kunle.aliyu22@outlook.com
Palm Interiors - stocking DEAL-0294,Sales Pipeline,Closed Won,635000,2026-01-20,2025-12-03,Referral,Wale Aliyu,,palminteriors0140.com,lawal_afolabi46@outlook.com
Ivory Living - stocking DEAL-0295,Sales Pipeline,Closed Won,567000,2025-01-26,2024-11-17,Referral,Wale Aliyu,,ivoryliving0014.com,funmi.eze29@yahoo.com
Baobab Living - stocking DEAL-0296,Sales Pipeline,Qualified,1342000,2026-08-06,2026-07-13,Trade Show,Wale Aliyu,,baobabliving0069.com,lola_okoro20@yahoo.com
Transcorp Hilton - stocking DEAL-0297,Sales Pipeline,Closed Won,2620000,2025-08-02,2025-06-29,WhatsApp Inbound,Oluchi Orji,,transcorphilton0072.com,ngozi_ogundimu75@gmail.com
Willow Interiors - stocking DEAL-0298,Sales Pipeline,Closed Won,278000,2026-07-15,2026-06-18,Cold Outreach,Joshua Igwe,,willowinteriors0067.com,kunleoladipo40@outlook.com
Radisson Blu - stocking DEAL-0299,Sales Pipeline,New Lead,1076000,2026-07-31,2026-07-01,Trade Show,Joshua Igwe,,radissonblu0130.com,chiamaka_adeleke@hotmail.com
Palm Boutique - stocking DEAL-0300,Sales Pipeline,Negotiation,1237000,2026-05-25,2026-04-09,Instagram,Michael Adeleke,,palmboutique0060.com,folake.adeleke32@outlook.com
Zuri Interiors - stocking DEAL-0301,Sales Pipeline,Closed Won,1264000,2026-06-05,2026-05-05,Trade Show,Ifeoma Nwosu,,zuriinteriors0137.com,davidobi82@outlook.com
Serene Hotel - stocking DEAL-0302,Sales Pipeline,Closed Lost,884000,2025-05-15,2025-04-06,Referral,Joshua Igwe,Lost contact,serenehotel0010.com,adaugolawal11@outlook.com
Ada Hotel - stocking DEAL-0303,Sales Pipeline,Sample Sent,1239000,2026-08-04,2026-06-15,Cold Outreach,Ifeoma Nwosu,,adahotel0103.com,hassan.fashola38@gmail.com
Luxe Home & Living - stocking DEAL-0304,Sales Pipeline,Closed Lost,1305000,2026-07-19,2026-07-03,Website Form,Joshua Igwe,No response,luxehomeliving0084.com,amaka_okafor64@gmail.com
The Sage Hotel - stocking DEAL-0305,Sales Pipeline,Closed Won,637000,2026-05-07,2026-03-27,Trade Show,Obinna Eze,,thesagehotel0034.com,emmanuel_afolabi32@gmail.com
Haven Boutique - stocking DEAL-0306,Sales Pipeline,Closed Lost,586000,2026-07-16,2026-07-05,Website Form,Ifeoma Nwosu,Chose competitor,havenboutique0032.com,tundeanyanwu90@outlook.com
Nestle Nigeria - stocking DEAL-0307,Sales Pipeline,Closed Won,489000,2026-07-07,2026-06-09,Website Form,Wale Aliyu,,nestlenigeria0101.com,faith_nwachukwu73@gmail.com
Honeywell Group - stocking DEAL-0308,Sales Pipeline,Closed Won,623000,2026-02-04,2025-12-15,Trade Show,Joshua Igwe,,honeywellgroup0090.com,chioma.anyanwu94@yahoo.com
Terra Interiors - stocking DEAL-0309,Sales Pipeline,Closed Won,503000,2024-12-27,2024-11-08,Trade Show,Wale Aliyu,,terrainteriors0086.com,faith.adewale18@gmail.com
Marigold Home & Living - stocking DEAL-0310,Sales Pipeline,Closed Lost,564000,2025-09-04,2025-07-01,Website Form,Oluchi Orji,No budget,marigoldhomeliving0008.com,walealiyu9@gmail.com
Luxe Home & Living - stocking DEAL-0311,Sales Pipeline,Closed Won,1384000,2026-07-08,2026-06-13,WhatsApp Inbound,Michael Adeleke,,luxehomeliving0084.com,amaka_okafor64@gmail.com
Ada Living - stocking DEAL-0312,Sales Pipeline,Closed Won,584000,2026-04-08,2026-03-19,Referral,Obinna Eze,,adaliving0138.com,babatunde.eze83@outlook.com
Palm Gifts - stocking DEAL-0313,Sales Pipeline,Closed Won,742000,2024-10-15,2024-09-16,Partner Referral,Wale Aliyu,,palmgifts0003.com,chidinma.balogun98@outlook.com
Baobab Home & Living - stocking DEAL-0314,Sales Pipeline,Closed Lost,2383000,2025-10-08,2025-07-17,Instagram,Michael Adeleke,Lost contact,baobabhomeliving0066.com,adaeze.mbah36@hotmail.com
Sahara Living - stocking DEAL-0315,Sales Pipeline,Qualified,1001000,2026-01-05,2025-10-31,Partner Referral,Obinna Eze,,saharaliving0070.com,peteryakubu64@outlook.com
Ember Boutique - stocking DEAL-0316,Sales Pipeline,Closed Won,1095000,2026-06-22,2026-05-25,WhatsApp Inbound,Ifeoma Nwosu,,emberboutique0126.com,ezinne.obi66@outlook.com
Ivory Suites - stocking DEAL-0317,Sales Pipeline,Closed Won,1233000,2026-03-19,2026-01-20,Cold Outreach,Joshua Igwe,,ivorysuites0040.com,bellombah@hotmail.com
Willow Interiors - stocking DEAL-0318,Sales Pipeline,Closed Lost,317000,2026-07-02,2026-06-12,Retail Event,Ifeoma Nwosu,No response,willowinteriors0067.com,kunleoladipo40@outlook.com
Nestle Nigeria - stocking DEAL-0319,Sales Pipeline,Closed Won,896000,2026-07-02,2026-06-16,Instagram,Michael Adeleke,,nestlenigeria0101.com,faith_nwachukwu73@gmail.com
Palm Living - stocking DEAL-0320,Sales Pipeline,Closed Won,775000,2026-07-16,2026-05-27,Cold Outreach,Joshua Igwe,,palmliving0009.com,chiamakayakubu67@outlook.com
Harmattan Home & Living - stocking DEAL-0321,Sales Pipeline,Closed Lost,791000,2026-03-15,2026-01-19,WhatsApp Inbound,Ifeoma Nwosu,Bad timing,harmattanhomeliving0113.com,nnekalawal41@yahoo.com
Nneka Living - stocking DEAL-0322,Sales Pipeline,Closed Won,313000,2026-05-08,2026-04-05,Trade Show,Wale Aliyu,,nnekaliving0116.com,kayodeyakubu81@hotmail.com
Nestle Nigeria - stocking DEAL-0323,Sales Pipeline,Qualified,1179000,2026-05-27,2026-03-26,Instagram,Ifeoma Nwosu,,nestlenigeria0101.com,faith_nwachukwu73@gmail.com
Sage Interiors - stocking DEAL-0324,Sales Pipeline,New Lead,1032000,2025-05-17,2025-04-20,Trade Show,Oluchi Orji,,sageinteriors0091.com,yetundeokonkwo86@yahoo.com
Ember Gift House - stocking DEAL-0325,Sales Pipeline,Sample Sent,492000,2026-08-22,2026-06-22,Retail Event,Joshua Igwe,,embergifthouse0105.com,segun.taiwo70@yahoo.com
Amber Boutique - stocking DEAL-0326,Sales Pipeline,Qualified,575000,2026-08-22,2026-07-11,Referral,Joshua Igwe,,amberboutique0110.com,aliyu_adeyemi48@outlook.com
Ada Living - stocking DEAL-0327,Sales Pipeline,Closed Won,863000,2026-01-22,2025-11-28,Instagram,Obinna Eze,,adaliving0127.com,chiamaka.mbah83@hotmail.com
Palm Boutique - stocking DEAL-0328,Sales Pipeline,Closed Lost,780000,2025-09-24,2025-08-29,Trade Show,Wale Aliyu,Price too high,palmboutique0060.com,folake.adeleke32@outlook.com
Eko Hotels - stocking DEAL-0329,Sales Pipeline,Closed Lost,340000,2026-07-07,2026-05-25,Trade Show,Ifeoma Nwosu,Bad timing,ekohotels0064.com,walefashola46@yahoo.com
Honeywell Group - stocking DEAL-0330,Sales Pipeline,Negotiation,658000,2025-06-21,2025-04-13,Instagram,Wale Aliyu,,honeywellgroup0090.com,chioma.anyanwu94@yahoo.com
Nova Living - stocking DEAL-0331,Sales Pipeline,Closed Won,917000,2026-05-01,2026-03-27,Instagram,Obinna Eze,,novaliving0028.com,tosin.chukwu48@gmail.com
Willow Home & Living - stocking DEAL-0332,Sales Pipeline,Proposal,757000,2026-07-28,2026-06-24,Instagram,Michael Adeleke,,willowhomeliving0120.com,yetunde_nwachukwu74@outlook.com
Amber Boutique - stocking DEAL-0333,Sales Pipeline,Closed Lost,425000,2026-07-11,2026-07-06,Trade Show,Wale Aliyu,Poor product fit,amberboutique0108.com,usman_lawal92@gmail.com
Haven Interiors - stocking DEAL-0334,Sales Pipeline,Sample Sent,1067000,2025-07-21,2025-05-28,WhatsApp Inbound,Oluchi Orji,,haveninteriors0089.com,aliyu_ogundimu96@outlook.com
Verdant Home & Living - stocking DEAL-0335,Sales Pipeline,Closed Won,1207000,2026-07-11,2026-07-06,Partner Referral,Ifeoma Nwosu,,verdanthomeliving0043.com,josephokafor76@hotmail.com
Ivory Living - stocking DEAL-0336,Sales Pipeline,Proposal,1133000,2026-07-15,2026-06-15,Partner Referral,Ifeoma Nwosu,,ivoryliving0049.com,josephwilliams2@yahoo.com
Harmattan Interiors - stocking DEAL-0337,Sales Pipeline,Closed Won,750000,2025-11-20,2025-10-19,Cold Outreach,Ifeoma Nwosu,,harmattaninteriors0061.com,segunfashola19@yahoo.com
Adire Living - stocking DEAL-0338,Sales Pipeline,Closed Won,630000,2026-07-05,2026-07-08,WhatsApp Inbound,Joshua Igwe,,adireliving0093.com,tobi.nwankwo21@yahoo.com
Zuri Gift Emporium - stocking DEAL-0339,Sales Pipeline,Closed Lost,827000,2026-07-12,2026-07-12,Trade Show,Ifeoma Nwosu,Bad timing,zurigiftemporium0109.com,joy.adewale59@outlook.com
Petal Interiors - stocking DEAL-0340,Sales Pipeline,Proposal,3605000,2026-08-31,2026-07-14,Cold Outreach,Oluchi Orji,,petalinteriors0095.com,emmanuelbalogun64@yahoo.com
Serene Gift House - stocking DEAL-0341,Sales Pipeline,Closed Lost,1186000,2025-12-08,2025-09-13,Trade Show,Ifeoma Nwosu,Lost contact,serenegifthouse0131.com,simi_chukwu88@yahoo.com
Adire Gift House - stocking DEAL-0342,Sales Pipeline,Closed Won,813000,2026-07-03,2026-05-08,Partner Referral,Obinna Eze,,adiregifthouse0135.com,ibrahimmusa88@gmail.com
Coscharis Group - stocking DEAL-0343,Sales Pipeline,Closed Lost,656000,2026-02-23,2025-12-13,WhatsApp Inbound,Obinna Eze,Lost contact,coscharisgroup0099.com,tosinyakubu@hotmail.com
Flour Mills of Nigeria - stocking DEAL-0344,Sales Pipeline,Closed Lost,794000,2025-03-23,2024-12-24,Trade Show,Joshua Igwe,No response,flourmillsofnigeria0052.com,grace.eze81@outlook.com
Luxe Home & Living - stocking DEAL-0345,Sales Pipeline,Closed Lost,1314000,2026-07-19,2026-06-16,Partner Referral,Joshua Igwe,Lost contact,luxehomeliving0084.com,amaka_okafor64@gmail.com
Palm Boutique - stocking DEAL-0346,Sales Pipeline,Qualified,1140000,2026-06-15,2026-04-21,Referral,Michael Adeleke,,palmboutique0060.com,folake.adeleke32@outlook.com
Haven Interiors - stocking DEAL-0347,Sales Pipeline,Negotiation,456000,2025-09-19,2025-07-25,Referral,Ifeoma Nwosu,,haveninteriors0089.com,aliyu_ogundimu96@outlook.com
Sahara Gift Emporium - stocking DEAL-0348,Sales Pipeline,Sample Sent,372000,2025-10-28,2025-09-27,Partner Referral,Oluchi Orji,,saharagiftemporium0114.com,wale_igwe25@hotmail.com
Flour Mills of Nigeria - stocking DEAL-0349,Sales Pipeline,Negotiation,1622000,2025-07-03,2025-05-22,Retail Event,Michael Adeleke,,flourmillsofnigeria0052.com,grace.eze81@outlook.com
Sage Gift House - stocking DEAL-0350,Sales Pipeline,Closed Won,649000,2025-11-19,2025-10-14,Trade Show,Oluchi Orji,,sagegifthouse0071.com,lola_obi11@hotmail.com
Aurora Gift Emporium - stocking DEAL-0351,Sales Pipeline,Closed Lost,1073000,2026-07-03,2026-05-11,Website Form,Wale Aliyu,No budget,auroragiftemporium0007.com,adebayo_fashola10@outlook.com
Olive Boutique - stocking DEAL-0352,Sales Pipeline,Closed Lost,583000,2026-07-14,2026-06-07,Cold Outreach,Oluchi Orji,Chose competitor,oliveboutique0104.com,preciousbalogun36@yahoo.com
Baobab Living - stocking DEAL-0353,Sales Pipeline,Closed Won,1390000,2026-07-15,2026-05-29,Cold Outreach,Joshua Igwe,,baobabliving0069.com,lola_okoro20@yahoo.com
Serene Home & Living - stocking DEAL-0354,Sales Pipeline,Closed Won,394000,2026-07-14,2026-07-08,Cold Outreach,Obinna Eze,,serenehomeliving0065.com,kelechi.mbah30@yahoo.com
Nneka Boutique - stocking DEAL-0355,Sales Pipeline,Closed Lost,749000,2025-03-28,2025-01-18,Partner Referral,Oluchi Orji,Chose competitor,nnekaboutique0075.com,hauwa.nwosu16@hotmail.com
Kente Interiors - stocking DEAL-0356,Sales Pipeline,Closed Lost,671000,2025-09-11,2025-07-14,Cold Outreach,Wale Aliyu,No budget,kenteinteriors0031.com,johnigwe14@hotmail.com
Luxe Home & Living - stocking DEAL-0357,Sales Pipeline,Qualified,694000,2026-08-22,2026-07-09,Trade Show,Joshua Igwe,,luxehomeliving0084.com,zainab_oladipo17@yahoo.com
Ember Gift House - stocking DEAL-0358,Sales Pipeline,Closed Won,1015000,2026-07-15,2026-06-30,Trade Show,Michael Adeleke,,embergifthouse0105.com,segun.taiwo70@yahoo.com
Ivory Living - stocking DEAL-0359,Sales Pipeline,Closed Lost,933000,2026-07-07,2026-06-05,Partner Referral,Michael Adeleke,Bad timing,ivoryliving0049.com,josephwilliams2@yahoo.com
Serene Interiors - stocking DEAL-0360,Sales Pipeline,Negotiation,1100000,2025-06-22,2025-05-08,Referral,Obinna Eze,,sereneinteriors0019.com,chidi.nwachukwu34@yahoo.com
