Company name,Company domain name,Company type,Region,Create date
Savannah Hotel,savannahhotel0001.com,Hotel,Lagos,2026-02-16
Luxe Boutique,luxeboutique0002.com,Boutique,Lagos,2024-08-27
Palm Gifts,palmgifts0003.com,Gift Shop,Lagos,2024-09-12
Harmattan Boutique,harmattanboutique0004.com,Boutique,Lagos,2025-02-01
Lumen Living,lumenliving0005.com,Boutique,Kumasi,2025-08-20
Adire Interiors,adireinteriors0006.com,Boutique,Abuja,2025-03-11
Aurora Gift Emporium,auroragiftemporium0007.com,Gift Shop,Lagos,2025-06-26
Marigold Home & Living,marigoldhomeliving0008.com,Boutique,Ibadan,2024-11-18
Palm Living,palmliving0009.com,Boutique,Port Harcourt,2025-12-14
Serene Hotel,serenehotel0010.com,Hotel,Kumasi,2025-02-25
Ada Interiors,adainteriors0011.com,Boutique,Kano,2024-09-04
Aurora Gift House,auroragifthouse0012.com,Gift Shop,Abuja,2025-12-22
Verdant Boutique,verdantboutique0013.com,Boutique,Lagos,2026-04-13
Ivory Living,ivoryliving0014.com,Boutique,Abidjan,2024-07-30
Ada Living,adaliving0015.com,Boutique,Ibadan,2025-05-22
The Bloom Hotel,thebloomhotel0016.com,Hotel,Kumasi,2026-02-19
Nneka Living,nnekaliving0017.com,Boutique,Lagos,2025-11-27
Aurora Boutique,auroraboutique0018.com,Boutique,Accra,2026-03-12
Serene Interiors,sereneinteriors0019.com,Boutique,Port Harcourt,2025-05-07
Guaranty Trust,guarantytrust0020.com,Corporate,Lagos,2025-04-06
Nigerian Breweries,nigerianbreweries0021.com,Corporate,Port Harcourt,2025-11-29
Coral Gift Emporium,coralgiftemporium0022.com,Gift Shop,Ibadan,2024-11-04
Ember Living,emberliving0023.com,Boutique,Lagos,2025-01-03
Radisson Blu,radissonblu0024.com,Corporate,Abuja,2025-09-14
Kente Gift House,kentegifthouse0025.com,Gift Shop,Accra,2025-10-31
Indigo Gifts,indigogifts0026.com,Gift Shop,Lagos,2024-10-11
Bloom Home & Living,bloomhomeliving0027.com,Boutique,Abuja,2025-07-11
Nova Living,novaliving0028.com,Boutique,Abuja,2025-04-01
Bloom Home & Living,bloomhomeliving0029.com,Boutique,Lagos,2025-07-06
Radisson Blu,radissonblu0030.com,Corporate,Kumasi,2026-05-22
Kente Interiors,kenteinteriors0031.com,Boutique,Kano,2024-09-11
Haven Boutique,havenboutique0032.com,Boutique,Lagos,2026-06-17
Sage Interiors,sageinteriors0033.com,Boutique,Abidjan,2025-05-31
The Sage Hotel,thesagehotel0034.com,Hotel,Accra,2026-01-12
Baobab Living,baobabliving0035.com,Boutique,Lagos,2025-05-13
Harmattan Gifts,harmattangifts0036.com,Gift Shop,Accra,2025-02-22
Kente Gifts,kentegifts0037.com,Gift Shop,Lagos,2026-01-11
Luxe Gift Emporium,luxegiftemporium0038.com,Gift Shop,Abidjan,2025-11-14
Terra Home & Living,terrahomeliving0039.com,Boutique,Ibadan,2024-10-28
Ivory Suites,ivorysuites0040.com,Hotel,Ibadan,2025-11-26
Petal Hotel,petalhotel0041.com,Hotel,Lagos,2025-12-29
The Adire Hotel,theadirehotel0042.com,Hotel,Accra,2025-04-17
Verdant Home & Living,verdanthomeliving0043.com,Boutique,Lagos,2026-04-29
Lumen Boutique,lumenboutique0044.com,Boutique,Lagos,2025-10-12
Verdant Interiors,verdantinteriors0045.com,Boutique,Lagos,2025-03-10
Serene Boutique,sereneboutique0046.com,Boutique,Kano,2024-07-27
Aurora Boutique,auroraboutique0047.com,Boutique,Lagos,2025-11-05
Willow Home & Living,willowhomeliving0048.com,Boutique,Kumasi,2024-12-13
Ivory Living,ivoryliving0049.com,Boutique,Ibadan,2026-01-01
The Willow Hotel,thewillowhotel0050.com,Hotel,Lagos,2025-07-23
Ember Boutique,emberboutique0051.com,Boutique,Lagos,2025-06-12
Flour Mills of Nigeria,flourmillsofnigeria0052.com,Corporate,Lagos,2024-11-11
Transcorp Hilton,transcorphilton0053.com,Hotel,Port Harcourt,2025-11-30
Ember Boutique,emberboutique0054.com,Boutique,Accra,2024-11-13
Radisson Blu,radissonblu0055.com,Hotel,Lagos,2025-05-08
Marigold Home & Living,marigoldhomeliving0056.com,Boutique,Accra,2026-02-26
Unilever Nigeria,unilevernigeria0057.com,Corporate,Lagos,2026-04-26
Kente Home & Living,kentehomeliving0058.com,Boutique,Accra,2026-06-13
Coral Gifts,coralgifts0059.com,Gift Shop,Kumasi,2026-05-22
Palm Boutique,palmboutique0060.com,Boutique,Kano,2025-08-13
Harmattan Interiors,harmattaninteriors0061.com,Boutique,Ibadan,2024-12-07
Lumen Home & Living,lumenhomeliving0062.com,Boutique,Accra,2026-02-28
Access Holdings,accessholdings0063.com,Corporate,Lagos,2026-02-01
Eko Hotels,ekohotels0064.com,Hotel,Lagos,2026-06-14
Serene Home & Living,serenehomeliving0065.com,Boutique,Lagos,2025-10-19
Baobab Home & Living,baobabhomeliving0066.com,Boutique,Abuja,2024-10-27
Willow Interiors,willowinteriors0067.com,Boutique,Kano,2025-07-07
Adire Hotel,adirehotel0068.com,Hotel,Port Harcourt,2025-05-30
Baobab Living,baobabliving0069.com,Boutique,Accra,2026-03-02
Sahara Living,saharaliving0070.com,Boutique,Lagos,2025-04-21
Sage Gift House,sagegifthouse0071.com,Gift Shop,Kano,2025-03-07
Transcorp Hilton,transcorphilton0072.com,Corporate,Lagos,2024-09-14
Olive Living,oliveliving0073.com,Boutique,Lagos,2026-02-25
The Indigo Hotel,theindigohotel0074.com,Hotel,Ibadan,2025-12-31
Nneka Boutique,nnekaboutique0075.com,Boutique,Abidjan,2024-08-17
The Verdant Hotel,theverdanthotel0076.com,Hotel,Port Harcourt,2025-05-20
Petal Boutique,petalboutique0077.com,Boutique,Lagos,2025-06-21
Radisson Blu,radissonblu0078.com,Hotel,Port Harcourt,2025-06-13
Haven Gift House,havengifthouse0079.com,Gift Shop,Lagos,2026-04-25
Nova Gift House,novagifthouse0080.com,Gift Shop,Accra,2024-11-02
Palm Home & Living,palmhomeliving0081.com,Boutique,Ibadan,2025-02-19
Nestle Nigeria,nestlenigeria0082.com,Corporate,Lagos,2024-11-23
Verdant Interiors,verdantinteriors0083.com,Boutique,Lagos,2025-01-07
Luxe Home & Living,luxehomeliving0084.com,Boutique,Lagos,2026-04-16
Bloom Hotel,bloomhotel0085.com,Hotel,Abidjan,2026-05-10
Terra Interiors,terrainteriors0086.com,Boutique,Abuja,2024-08-20
Ember Gift Emporium,embergiftemporium0087.com,Gift Shop,Kano,2025-10-06
Ada Gifts,adagifts0088.com,Gift Shop,Port Harcourt,2024-12-30
Haven Interiors,haveninteriors0089.com,Boutique,Port Harcourt,2024-12-01
Honeywell Group,honeywellgroup0090.com,Corporate,Lagos,2025-02-09
Sage Interiors,sageinteriors0091.com,Boutique,Kumasi,2024-12-03
The Nneka Hotel,thennekahotel0092.com,Hotel,Lagos,2025-06-28
Adire Living,adireliving0093.com,Boutique,Port Harcourt,2026-06-17
Transcorp Hilton,transcorphilton0094.com,Corporate,Ibadan,2025-09-04
Petal Interiors,petalinteriors0095.com,Boutique,Ibadan,2025-12-08
Marigold Living,marigoldliving0096.com,Boutique,Kumasi,2025-06-30
Baobab Interiors,baobabinteriors0097.com,Boutique,Lagos,2024-07-29
Unilever Nigeria,unilevernigeria0098.com,Corporate,Abuja,2024-09-16
Coscharis Group,coscharisgroup0099.com,Corporate,Lagos,2025-01-24
Ember Gift House,embergifthouse0100.com,Gift Shop,Abuja,2025-01-06
Nestle Nigeria,nestlenigeria0101.com,Corporate,Lagos,2026-03-01
Unilever Nigeria,unilevernigeria0102.com,Corporate,Lagos,2026-03-03
Ada Hotel,adahotel0103.com,Hotel,Lagos,2026-03-10
Olive Boutique,oliveboutique0104.com,Boutique,Lagos,2025-10-09
Ember Gift House,embergifthouse0105.com,Gift Shop,Abuja,2025-08-13
Transcorp Hilton,transcorphilton0106.com,Hotel,Port Harcourt,2025-10-18
Indigo Boutique,indigoboutique0107.com,Boutique,Port Harcourt,2025-05-01
Amber Boutique,amberboutique0108.com,Boutique,Lagos,2025-11-01
Zuri Gift Emporium,zurigiftemporium0109.com,Gift Shop,Lagos,2026-01-27
Amber Boutique,amberboutique0110.com,Boutique,Lagos,2026-01-05
Stallion Group,stalliongroup0111.com,Corporate,Port Harcourt,2025-09-23
Verdant Living,verdantliving0112.com,Boutique,Lagos,2024-08-29
Harmattan Home & Living,harmattanhomeliving0113.com,Boutique,Lagos,2025-12-10
Sahara Gift Emporium,saharagiftemporium0114.com,Gift Shop,Lagos,2025-04-02
Olive Interiors,oliveinteriors0115.com,Boutique,Abuja,2025-12-23
Nneka Living,nnekaliving0116.com,Boutique,Lagos,2025-08-02
Radisson Blu,radissonblu0117.com,Hotel,Port Harcourt,2026-03-29
Amber Gifts,ambergifts0118.com,Gift Shop,Port Harcourt,2025-03-14
Zuri Boutique,zuriboutique0119.com,Boutique,Ibadan,2026-05-03
Willow Home & Living,willowhomeliving0120.com,Boutique,Ibadan,2026-03-03
Ember Gift Emporium,embergiftemporium0121.com,Gift Shop,Ibadan,2025-03-09
Unilever Nigeria,unilevernigeria0122.com,Corporate,Lagos,2025-06-23
Serene Hotel,serenehotel0123.com,Hotel,Kano,2025-07-27
Olive Interiors,oliveinteriors0124.com,Boutique,Port Harcourt,2026-01-09
Haven Boutique,havenboutique0125.com,Boutique,Abuja,2025-11-15
Ember Boutique,emberboutique0126.com,Boutique,Port Harcourt,2026-03-09
Ada Living,adaliving0127.com,Boutique,Lagos,2025-04-05
Nneka Suites,nnekasuites0128.com,Hotel,Abuja,2025-07-08
Sage Boutique,sageboutique0129.com,Boutique,Kano,2025-05-18
Radisson Blu,radissonblu0130.com,Hotel,Accra,2026-04-18
Serene Gift House,serenegifthouse0131.com,Gift Shop,Kumasi,2025-02-18
Serene Hotel,serenehotel0132.com,Hotel,Abuja,2025-09-04
Luxe Boutique,luxeboutique0133.com,Boutique,Abuja,2024-10-12
Zuri Gift Emporium,zurigiftemporium0134.com,Gift Shop,Accra,2026-03-08
Adire Gift House,adiregifthouse0135.com,Gift Shop,Lagos,2025-04-15
Coral Gift House,coralgifthouse0136.com,Gift Shop,Accra,2025-03-15
Zuri Interiors,zuriinteriors0137.com,Boutique,Abuja,2025-09-01
Ada Living,adaliving0138.com,Boutique,Lagos,2025-07-04
Stallion Group,stalliongroup0139.com,Corporate,Lagos,2026-03-06
Palm Interiors,palminteriors0140.com,Boutique,Accra,2025-07-27
